Workbook

Sheet INPUT
A1: Input Penjualan Per Zona
B2: Mitra 10
A3: Tanggal | B3: Zona 1 | G3: Zona 2 | L3: Zona 3 | Q3: Zona 4 | V3: Zona 5 | AA3: Zona 6 | AF3: FRONT
B4: 50 | C4: 70 | D4: 100 | E4: 125 | F4: 165 | G4: 50 | H4: 70 | I4: 100 | J4: 125 | K4: 165 | L4: 50 | M4: 70 | N4: 100 | O4: 125 | P4: 165 | Q4: 50 | R4: 70 | S4: 100 | T4: 125 | U4: 165 | V4: 50 | W4: 70 | X4: 100 | Y4: 125 | Z4: 165 | AA4: 50 | AB4: 70 | AC4: 100 | AD4: 125 | AE4: 165 | AF4: 50 | AG4: 70 | AH4: 100 | AI4: 125 | AJ4: 165
A5: 46266 | B5: 6 | C5: 7 | D5: 4 | E5: 6 | F5: 0 | G5: 5 | H5: 7 | I5: 1 | J5: 6 | K5: 6 | L5: 6 | M5: 1 | N5: 7 | O5: 0 | P5: 2 | Q5: 6 | R5: 4 | S5: 5 | T5: 7 | U5: 2 | V5: 5 | W5: 6 | X5: 1 | Y5: 0 | Z5: 4 | AA5: 1 | AB5: 6 | AC5: 6 | AD5: 0 | AE5: 4 | AF5: 7 | AG5: 4 | AH5: 4 | AI5: 7 | AJ5: 1
A6: 46267 | B6: 2 | C6: 5 | D6: 2 | E6: 6 | F6: 3 | G6: 5 | H6: 4 | I6: 6 | J6: 0 | K6: 6 | L6: 0 | M6: 1 | N6: 7 | O6: 6 | P6: 1 | Q6: 7 | R6: 7 | S6: 6 | T6: 2 | U6: 3 | V6: 4 | W6: 3 | X6: 2 | Y6: 7 | Z6: 4 | AA6: 3 | AB6: 7 | AC6: 6 | AD6: 7 | AE6: 0 | AF6: 0 | AG6: 3 | AH6: 4 | AI6: 3 | AJ6: 2
A7: 46268 | B7: 3 | C7: 0 | D7: 6 | E7: 4 | F7: 6 | G7: 1 | H7: 6 | I7: 0 | J7: 5 | K7: 1 | L7: 4 | M7: 1 | N7: 0 | O7: 7 | P7: 3 | Q7: 6 | R7: 2 | S7: 6 | T7: 6 | U7: 5 | V7: 5 | W7: 2 | X7: 1 | Y7: 0 | Z7: 4 | AA7: 3 | AB7: 3 | AC7: 4 | AD7: 2 | AE7: 7 | AF7: 4 | AG7: 6 | AH7: 0 | AI7: 6 | AJ7: 4
A8: 46269 | B8: 2 | C8: 5 | D8: 2 | E8: 6 | F8: 3 | G8: 5 | H8: 4 | I8: 6 | J8: 0 | K8: 6 | L8: 0 | M8: 1 | N8: 7 | O8: 6 | P8: 1 | Q8: 7 | R8: 7 | S8: 6 | T8: 2 | U8: 3 | V8: 4 | W8: 3 | X8: 2 | Y8: 7 | Z8: 4 | AA8: 3 | AB8: 7 | AC8: 6 | AD8: 7 | AE8: 0 | AF8: 0 | AG8: 3 | AH8: 4 | AI8: 3 | AJ8: 2
A9: 46270 | B9: 0 | C9: 1 | D9: 0 | E9: 2 | F9: 1 | G9: 3 | H9: 1 | I9: 4 | J9: 5 | K9: 5 | L9: 6 | M9: 4 | N9: 0 | O9: 5 | P9: 1 | Q9: 3 | R9: 6 | S9: 4 | T9: 0 | U9: 7 | V9: 1 | W9: 3 | X9: 5 | Y9: 4 | Z9: 0 | AA9: 1 | AB9: 6 | AC9: 3 | AD9: 0 | AE9: 3 | AF9: 7 | AG9: 2 | AH9: 3 | AI9: 1 | AJ9: 1
A10: 46271 | B10: 0 | C10: 5 | D10: 4 | E10: 1 | F10: 5 | G10: 0 | H10: 7 | I10: 5 | J10: 2 | K10: 7 | L10: 4 | M10: 2 | N10: 4 | O10: 7 | P10: 4 | Q10: 1 | R10: 1 | S10: 7 | T10: 4 | U10: 0 | V10: 0 | W10: 1 | X10: 1 | Y10: 2 | Z10: 3 | AA10: 7 | AB10: 5 | AC10: 5 | AD10: 3 | AE10: 0 | AF10: 5 | AG10: 0 | AH10: 4 | AI10: 7 | AJ10: 4
A11: 46272 | B11: 3 | C11: 0 | D11: 6 | E11: 4 | F11: 5 | G11: 1 | H11: 7 | I11: 0 | J11: 5 | K11: 1 | L11: 4 | M11: 1 | N11: 0 | O11: 7 | P11: 3 | Q11: 6 | R11: 2 | S11: 6 | T11: 6 | U11: 5 | V11: 5 | W11: 2 | X11: 1 | Y11: 0 | Z11: 4 | AA11: 3 | AB11: 3 | AC11: 4 | AD11: 2 | AE11: 7 | AF11: 4 | AG11: 6 | AH11: 0 | AI11: 6 | AJ11: 4
A12: 46273 | B12: 0 | C12: 1 | D12: 6 | E12: 5 | F12: 7 | G12: 3 | H12: 7 | I12: 5 | J12: 6 | K12: 4 | L12: 3 | M12: 3 | N12: 2 | O12: 7 | P12: 2 | Q12: 2 | R12: 6 | S12: 0 | T12: 0 | U12: 2 | V12: 1 | W12: 7 | X12: 0 | Y12: 5 | Z12: 1 | AA12: 7 | AB12: 1 | AC12: 0 | AD12: 3 | AE12: 2 | AF12: 4 | AG12: 7 | AH12: 5 | AI12: 2 | AJ12: 5
A13: 46274 | B13: 7 | C13: 2 | D13: 6 | E13: 0 | F13: 4 | G13: 6 | H13: 6 | I13: 2 | J13: 4 | K13: 5 | L13: 6 | M13: 2 | N13: 3 | O13: 2 | P13: 7 | Q13: 7 | R13: 4 | S13: 6 | T13: 2 | U13: 1 | V13: 5 | W13: 6 | X13: 1 | Y13: 0 | Z13: 1 | AA13: 1 | AB13: 3 | AC13: 5 | AD13: 2 | AE13: 1 | AF13: 0 | AG13: 5 | AH13: 6 | AI13: 5 | AJ13: 2
A14: 46275 | B14: 5 | C14: 5 | D14: 1 | E14: 6 | F14: 2 | G14: 4 | H14: 5 | I14: 4 | J14: 7 | K14: 0 | L14: 3 | M14: 0 | N14: 7 | O14: 0 | P14: 5 | Q14: 4 | R14: 6 | S14: 0 | T14: 5 | U14: 2 | V14: 3 | W14: 3 | X14: 0 | Y14: 7 | Z14: 1 | AA14: 3 | AB14: 7 | AC14: 6 | AD14: 3 | AE14: 2 | AF14: 1 | AG14: 3 | AH14: 2 | AI14: 5 | AJ14: 3
A15: 46276
A16: 46277
A17: 46278
A18: 46279
A19: 46280
A20: 46281
A21: 46282
A22: 46283
A23: 46284
A24: 46285
A25: 46286
A26: 46287
... A35: 46296

Sheet Resume
B1: Resume per Zona Per item
B2: ="Update "&TEXT(TODAY(),"DD-MMM-YYYY") -> Update 10-Sep-2026
B3: Area | C3: 50 | D3: 70 | E3: 100 | F3: 125 | G3: 165 | H3: Total
B4: Zona 1 | C4: {=SUMPRODUCT((INPUT!$B$4:$AJ$4=Resume!C$3)*(_xlfn.SCAN("",INPUT!$B$3:$AJ$3,_xlfn.LAMBDA(_xlpm.a,_xlpm.b,IF(_xlpm.b="",_xlpm.a,_xlpm.b)))=Resume!$B4)*(INPUT!$B$5:$AJ$35))} -> 28 | D4: {=SUMPRODUCT((INPUT!$B$4:$AJ$4=Resume!D$3)*(_xlfn.SCAN("",INPUT!$B$3:$AJ$3,_xlfn.LAMBDA(_xlpm.a,_xlpm.b,IF(_xlpm.b="",_xlpm.a,_xlpm.b)))=Resume!$B4)*(INPUT!$B$5:$AJ$35))} -> 31 | E4: {=SUMPRODUCT((INPUT!$B$4:$AJ$4=Resume!E$3)*(_xlfn.SCAN("",INPUT!$B$3:$AJ$3,_xlfn.LAMBDA(_xlpm.a,_xlpm.b,IF(_xlpm.b="",_xlpm.a,_xlpm.b)))=Resume!$B4)*(INPUT!$B$5:$AJ$35))} -> 37 | F4: {=SUMPRODUCT((INPUT!$B$4:$AJ$4=Resume!F$3)*(_xlfn.SCAN("",INPUT!$B$3:$AJ$3,_xlfn.LAMBDA(_xlpm.a,_xlpm.b,IF(_xlpm.b="",_xlpm.a,_xlpm.b)))=Resume!$B4)*(INPUT!$B$5:$AJ$35))} -> 40 | G4: {=SUMPRODUCT((INPUT!$B$4:$AJ$4=Resume!G$3)*(_xlfn.SCAN("",INPUT!$B$3:$AJ$3,_xlfn.LAMBDA(_xlpm.a,_xlpm.b,IF(_xlpm.b="",_xlpm.a,_xlpm.b)))=Resume!$B4)*(INPUT!$B$5:$AJ$35))} -> 36 | H4: =SUM(C4:G4) -> 172
B5: Zona 2 | C5: {=SUMPRODUCT((INPUT!$B$4:$AJ$4=Resume!C$3)*(_xlfn.SCAN("",INPUT!$B$3:$AJ$3,_xlfn.LAMBDA(_xlpm.a,_xlpm.b,IF(_xlpm.b="",_xlpm.a,_xlpm.b)))=Resume!$B5)*(INPUT!$B$5:$AJ$35))} -> 33 | D5: {=SUMPRODUCT((INPUT!$B$4:$AJ$4=Resume!D$3)*(_xlfn.SCAN("",INPUT!$B$3:$AJ$3,_xlfn.LAMBDA(_xlpm.a,_xlpm.b,IF(_xlpm.b="",_xlpm.a,_xlpm.b)))=Resume!$B5)*(INPUT!$B$5:$AJ$35))} -> 54 | E5: {=SUMPRODUCT((INPUT!$B$4:$AJ$4=Resume!E$3)*(_xlfn.SCAN("",INPUT!$B$3:$AJ$3,_xlfn.LAMBDA(_xlpm.a,_xlpm.b,IF(_xlpm.b="",_xlpm.a,_xlpm.b)))=Resume!$B5)*(INPUT!$B$5:$AJ$35))} -> 33 | F5: {=SUMPRODUCT((INPUT!$B$4:$AJ$4=Resume!F$3)*(_xlfn.SCAN("",INPUT!$B$3:$AJ$3,_xlfn.LAMBDA(_xlpm.a,_xlpm.b,IF(_xlpm.b="",_xlpm.a,_xlpm.b)))=Resume!$B5)*(INPUT!$B$5:$AJ$35))} -> 40 | G5: {=SUMPRODUCT((INPUT!$B$4:$AJ$4=Resume!G$3)*(_xlfn.SCAN("",INPUT!$B$3:$AJ$3,_xlfn.LAMBDA(_xlpm.a,_xlpm.b,IF(_xlpm.b="",_xlpm.a,_xlpm.b)))=Resume!$B5)*(INPUT!$B$5:$AJ$35))} -> 41 | H5: =SUM(C5:G5) -> 201
B6: Zona 3 | C6: {=SUMPRODUCT((INPUT!$B$4:$AJ$4=Resume!C$3)*(_xlfn.SCAN("",INPUT!$B$3:$AJ$3,_xlfn.LAMBDA(_xlpm.a,_xlpm.b,IF(_xlpm.b="",_xlpm.a,_xlpm.b)))=Resume!$B6)*(INPUT!$B$5:$AJ$35))} -> 36 | D6: {=SUMPRODUCT((INPUT!$B$4:$AJ$4=Resume!D$3)*(_xlfn.SCAN("",INPUT!$B$3:$AJ$3,_xlfn.LAMBDA(_xlpm.a,_xlpm.b,IF(_xlpm.b="",_xlpm.a,_xlpm.b)))=Resume!$B6)*(INPUT!$B$5:$AJ$35))} -> 16 | E6: {=SUMPRODUCT((INPUT!$B$4:$AJ$4=Resume!E$3)*(_xlfn.SCAN("",INPUT!$B$3:$AJ$3,_xlfn.LAMBDA(_xlpm.a,_xlpm.b,IF(_xlpm.b="",_xlpm.a,_xlpm.b)))=Resume!$B6)*(INPUT!$B$5:$AJ$35))} -> 37 | F6: {=SUMPRODUCT((INPUT!$B$4:$AJ$4=Resume!F$3)*(_xlfn.SCAN("",INPUT!$B$3:$AJ$3,_xlfn.LAMBDA(_xlpm.a,_xlpm.b,IF(_xlpm.b="",_xlpm.a,_xlpm.b)))=Resume!$B6)*(INPUT!$B$5:$AJ$35))} -> 47 | G6: {=SUMPRODUCT((INPUT!$B$4:$AJ$4=Resume!G$3)*(_xlfn.SCAN("",INPUT!$B$3:$AJ$3,_xlfn.LAMBDA(_xlpm.a,_xlpm.b,IF(_xlpm.b="",_xlpm.a,_xlpm.b)))=Resume!$B6)*(INPUT!$B$5:$AJ$35))} -> 29 | H6: =SUM(C6:G6) -> 165
B7: Zona 4 | C7: {=SUMPRODUCT((INPUT!$B$4:$AJ$4=Resume!C$3)*(_xlfn.SCAN("",INPUT!$B$3:$AJ$3,_xlfn.LAMBDA(_xlpm.a,_xlpm.b,IF(_xlpm.b="",_xlpm.a,_xlpm.b)))=Resume!$B7)*(INPUT!$B$5:$AJ$35))} -> 49 | D7: {=SUMPRODUCT((INPUT!$B$4:$AJ$4=Resume!D$3)*(_xlfn.SCAN("",INPUT!$B$3:$AJ$3,_xlfn.LAMBDA(_xlpm.a,_xlpm.b,IF(_xlpm.b="",_xlpm.a,_xlpm.b)))=Resume!$B7)*(INPUT!$B$5:$AJ$35))} -> 45 | E7: {=SUMPRODUCT((INPUT!$B$4:$AJ$4=Resume!E$3)*(_xlfn.SCAN("",INPUT!$B$3:$AJ$3,_xlfn.LAMBDA(_xlpm.a,_xlpm.b,IF(_xlpm.b="",_xlpm.a,_xlpm.b)))=Resume!$B7)*(INPUT!$B$5:$AJ$35))} -> 46 | F7: {=SUMPRODUCT((INPUT!$B$4:$AJ$4=Resume!F$3)*(_xlfn.SCAN("",INPUT!$B$3:$AJ$3,_xlfn.LAMBDA(_xlpm.a,_xlpm.b,IF(_xlpm.b="",_xlpm.a,_xlpm.b)))=Resume!$B7)*(INPUT!$B$5:$AJ$35))} -> 34 | G7: {=SUMPRODUCT((INPUT!$B$4:$AJ$4=Resume!G$3)*(_xlfn.SCAN("",INPUT!$B$3:$AJ$3,_xlfn.LAMBDA(_xlpm.a,_xlpm.b,IF(_xlpm.b="",_xlpm.a,_xlpm.b)))=Resume!$B7)*(INPUT!$B$5:$AJ$35))} -> 30 | H7: =SUM(C7:G7) -> 204
B8: Zona 5 | C8: {=SUMPRODUCT((INPUT!$B$4:$AJ$4=Resume!C$3)*(_xlfn.SCAN("",INPUT!$B$3:$AJ$3,_xlfn.LAMBDA(_xlpm.a,_xlpm.b,IF(_xlpm.b="",_xlpm.a,_xlpm.b)))=Resume!$B8)*(INPUT!$B$5:$AJ$35))} -> 33 | D8: {=SUMPRODUCT((INPUT!$B$4:$AJ$4=Resume!D$3)*(_xlfn.SCAN("",INPUT!$B$3:$AJ$3,_xlfn.LAMBDA(_xlpm.a,_xlpm.b,IF(_xlpm.b="",_xlpm.a,_xlpm.b)))=Resume!$B8)*(INPUT!$B$5:$AJ$35))} -> 36 | E8: {=SUMPRODUCT((INPUT!$B$4:$AJ$4=Resume!E$3)*(_xlfn.SCAN("",INPUT!$B$3:$AJ$3,_xlfn.LAMBDA(_xlpm.a,_xlpm.b,IF(_xlpm.b="",_xlpm.a,_xlpm.b)))=Resume!$B8)*(INPUT!$B$5:$AJ$35))} -> 14 | F8: {=SUMPRODUCT((INPUT!$B$4:$AJ$4=Resume!F$3)*(_xlfn.SCAN("",INPUT!$B$3:$AJ$3,_xlfn.LAMBDA(_xlpm.a,_xlpm.b,IF(_xlpm.b="",_xlpm.a,_xlpm.b)))=Resume!$B8)*(INPUT!$B$5:$AJ$35))} -> 32 | G8: {=SUMPRODUCT((INPUT!$B$4:$AJ$4=Resume!G$3)*(_xlfn.SCAN("",INPUT!$B$3:$AJ$3,_xlfn.LAMBDA(_xlpm.a,_xlpm.b,IF(_xlpm.b="",_xlpm.a,_xlpm.b)))=Resume!$B8)*(INPUT!$B$5:$AJ$35))} -> 26 | H8: =SUM(C8:G8) -> 141
B9: Zona 6 | C9: {=SUMPRODUCT((INPUT!$B$4:$AJ$4=Resume!C$3)*(_xlfn.SCAN("",INPUT!$B$3:$AJ$3,_xlfn.LAMBDA(_xlpm.a,_xlpm.b,IF(_xlpm.b="",_xlpm.a,_xlpm.b)))=Resume!$B9)*(INPUT!$B$5:$AJ$35))} -> 32 | D9: {=SUMPRODUCT((INPUT!$B$4:$AJ$4=Resume!D$3)*(_xlfn.SCAN("",INPUT!$B$3:$AJ$3,_xlfn.LAMBDA(_xlpm.a,_xlpm.b,IF(_xlpm.b="",_xlpm.a,_xlpm.b)))=Resume!$B9)*(INPUT!$B$5:$AJ$35))} -> 48 | E9: {=SUMPRODUCT((INPUT!$B$4:$AJ$4=Resume!E$3)*(_xlfn.SCAN("",INPUT!$B$3:$AJ$3,_xlfn.LAMBDA(_xlpm.a,_xlpm.b,IF(_xlpm.b="",_xlpm.a,_xlpm.b)))=Resume!$B9)*(INPUT!$B$5:$AJ$35))} -> 45 | F9: {=SUMPRODUCT((INPUT!$B$4:$AJ$4=Resume!F$3)*(_xlfn.SCAN("",INPUT!$B$3:$AJ$3,_xlfn.LAMBDA(_xlpm.a,_xlpm.b,IF(_xlpm.b="",_xlpm.a,_xlpm.b)))=Resume!$B9)*(INPUT!$B$5:$AJ$35))} -> 29 | G9: {=SUMPRODUCT((INPUT!$B$4:$AJ$4=Resume!G$3)*(_xlfn.SCAN("",INPUT!$B$3:$AJ$3,_xlfn.LAMBDA(_xlpm.a,_xlpm.b,IF(_xlpm.b="",_xlpm.a,_xlpm.b)))=Resume!$B9)*(INPUT!$B$5:$AJ$35))} -> 26 | H9: =SUM(C9:G9) -> 180
B10: Front | C10: {=SUMPRODUCT((INPUT!$B$4:$AJ$4=Resume!C$3)*(_xlfn.SCAN("",INPUT!$B$3:$AJ$3,_xlfn.LAMBDA(_xlpm.a,_xlpm.b,IF(_xlpm.b="",_xlpm.a,_xlpm.b)))=Resume!$B10)*(INPUT!$B$5:$AJ$35))} -> 32 | D10: {=SUMPRODUCT((INPUT!$B$4:$AJ$4=Resume!D$3)*(_xlfn.SCAN("",INPUT!$B$3:$AJ$3,_xlfn.LAMBDA(_xlpm.a,_xlpm.b,IF(_xlpm.b="",_xlpm.a,_xlpm.b)))=Resume!$B10)*(INPUT!$B$5:$AJ$35))} -> 39 | E10: {=SUMPRODUCT((INPUT!$B$4:$AJ$4=Resume!E$3)*(_xlfn.SCAN("",INPUT!$B$3:$AJ$3,_xlfn.LAMBDA(_xlpm.a,_xlpm.b,IF(_xlpm.b="",_xlpm.a,_xlpm.b)))=Resume!$B10)*(INPUT!$B$5:$AJ$35))} -> 32 | F10: {=SUMPRODUCT((INPUT!$B$4:$AJ$4=Resume!F$3)*(_xlfn.SCAN("",INPUT!$B$3:$AJ$3,_xlfn.LAMBDA(_xlpm.a,_xlpm.b,IF(_xlpm.b="",_xlpm.a,_xlpm.b)))=Resume!$B10)*(INPUT!$B$5:$AJ$35))} -> 45 | G10: {=SUMPRODUCT((INPUT!$B$4:$AJ$4=Resume!G$3)*(_xlfn.SCAN("",INPUT!$B$3:$AJ$3,_xlfn.LAMBDA(_xlpm.a,_xlpm.b,IF(_xlpm.b="",_xlpm.a,_xlpm.b)))=Resume!$B10)*(INPUT!$B$5:$AJ$35))} -> 28 | H10: =SUM(C10:G10) -> 176
B11: Total | C11: =SUM(C3:C10) -> 293 | D11: =SUM(D3:D10) -> 339 | E11: =SUM(E3:E10) -> 344 | F11: =SUM(F3:F10) -> 392 | G11: =SUM(G3:G10) -> 381 | H11: =SUM(H4:H10) -> 1239
B13: Resume per Zona Per Tanggal
B14: ="Update "&TEXT(TODAY(),"DD-MMM-YYYY") -> Update 10-Sep-2026
B15: Area | C15: 46266 | D15: 46267 | E15: 46268 | F15: 46269 | G15: 46270 | H15: 46271 | I15: 46272 | J15: 46273 | K15: 46274 | L15: 46275 | M15: 46276 | N15: 46277 | O15: 46278 | P15: 46279 | Q15: 46280 | R15: 46281 | S15: 46282 | T15: 46283 | U15: 46284 | V15: 46285 | W15: 46286 | X15: 46287 | Y15: 46288 | Z15: 46289 | AA15: 46290 | AB15: 46291 | AC15: 46292 | AD15: 46293 | AE15: 46294 | AF15: 46295 | AG15: 46296
B16: Zona 1 | C16: {=SUMPRODUCT((INPUT!$A$5:$A$35=Resume!C$15)*(_xlfn.SCAN("",INPUT!$B$3:$AJ$3,_xlfn.LAMBDA(_xlpm.a,_xlpm.b,IF(_xlpm.b="",_xlpm.a,_xlpm.b)))=Resume!$B16)*INPUT!$B$5:$AJ$35)} -> 23 | D16: {=SUMPRODUCT((INPUT!$A$5:$A$35=Resume!D$15)*(_xlfn.SCAN("",INPUT!$B$3:$AJ$3,_xlfn.LAMBDA(_xlpm.a,_xlpm.b,IF(_xlpm.b="",_xlpm.a,_xlpm.b)))=Resume!$B16)*INPUT!$B$5:$AJ$35)} -> 18 | E16: {=SUMPRODUCT((INPUT!$A$5:$A$35=Resume!E$15)*(_xlfn.SCAN("",INPUT!$B$3:$AJ$3,_xlfn.LAMBDA(_xlpm.a,_xlpm.b,IF(_xlpm.b="",_xlpm.a,_xlpm.b)))=Resume!$B16)*INPUT!$B$5:$AJ$35)} -> 19 | F16: {=SUMPRODUCT((INPUT!$A$5:$A$35=Resume!F$15)*(_xlfn.SCAN("",INPUT!$B$3:$AJ$3,_xlfn.LAMBDA(_xlpm.a,_xlpm.b,IF(_xlpm.b="",_xlpm.a,_xlpm.b)))=Resume!$B16)*INPUT!$B$5:$AJ$35)} -> 18 | G16: {=SUMPRODUCT((INPUT!$A$5:$A$35=Resume!G$15)*(_xlfn.SCAN("",INPUT!$B$3:$AJ$3,_xlfn.LAMBDA(_xlpm.a,_xlpm.b,IF(_xlpm.b="",_xlpm.a,_xlpm.b)))=Resume!$B16)*INPUT!$B$5:$AJ$35)} -> 4 | H16: {=SUMPRODUCT((INPUT!$A$5:$A$35=Resume!H$15)*(_xlfn.SCAN("",INPUT!$B$3:$AJ$3,_xlfn.LAMBDA(_xlpm.a,_xlpm.b,IF(_xlpm.b="",_xlpm.a,_xlpm.b)))=Resume!$B16)*INPUT!$B$5:$AJ$35)} -> 15 | I16: {=SUMPRODUCT((INPUT!$A$5:$A$35=Resume!I$15)*(_xlfn.SCAN("",INPUT!$B$3:$AJ$3,_xlfn.LAMBDA(_xlpm.a,_xlpm.b,IF(_xlpm.b="",_xlpm.a,_xlpm.b)))=Resume!$B16)*INPUT!$B$5:$AJ$35)} -> 18 | J16: {=SUMPRODUCT((INPUT!$A$5:$A$35=Resume!J$15)*(_xlfn.SCAN("",INPUT!$B$3:$AJ$3,_xlfn.LAMBDA(_xlpm.a,_xlpm.b,IF(_xlpm.b="",_xlpm.a,_xlpm.b)))=Resume!$B16)*INPUT!$B$5:$AJ$35)} -> 19 | ... AG16: {=SUMPRODUCT((INPUT!$A$5:$A$35=Resume!AG$15)*(_xlfn.SCAN("",INPUT!$B$3:$AJ$3,_xlfn.LAMBDA(_xlpm.a,_xlpm.b,IF(_xlpm.b="",_xlpm.a,_xlpm.b)))=Resume!$B16)*INPUT!$B$5:$AJ$35)} -> 0
B17: Zona 2 | C17: {=SUMPRODUCT((INPUT!$A$5:$A$35=Resume!C$15)*(_xlfn.SCAN("",INPUT!$B$3:$AJ$3,_xlfn.LAMBDA(_xlpm.a,_xlpm.b,IF(_xlpm.b="",_xlpm.a,_xlpm.b)))=Resume!$B17)*INPUT!$B$5:$AJ$35)} -> 25 | D17: {=SUMPRODUCT((INPUT!$A$5:$A$35=Resume!D$15)*(_xlfn.SCAN("",INPUT!$B$3:$AJ$3,_xlfn.LAMBDA(_xlpm.a,_xlpm.b,IF(_xlpm.b="",_xlpm.a,_xlpm.b)))=Resume!$B17)*INPUT!$B$5:$AJ$35)} -> 21 | E17: {=SUMPRODUCT((INPUT!$A$5:$A$35=Resume!E$15)*(_xlfn.SCAN("",INPUT!$B$3:$AJ$3,_xlfn.LAMBDA(_xlpm.a,_xlpm.b,IF(_xlpm.b="",_xlpm.a,_xlpm.b)))=Resume!$B17)*INPUT!$B$5:$AJ$35)} -> 13 | F17: {=SUMPRODUCT((INPUT!$A$5:$A$35=Resume!F$15)*(_xlfn.SCAN("",INPUT!$B$3:$AJ$3,_xlfn.LAMBDA(_xlpm.a,_xlpm.b,IF(_xlpm.b="",_xlpm.a,_xlpm.b)))=Resume!$B17)*INPUT!$B$5:$AJ$35)} -> 21 | G17: {=SUMPRODUCT((INPUT!$A$5:$A$35=Resume!G$15)*(_xlfn.SCAN("",INPUT!$B$3:$AJ$3,_xlfn.LAMBDA(_xlpm.a,_xlpm.b,IF(_xlpm.b="",_xlpm.a,_xlpm.b)))=Resume!$B17)*INPUT!$B$5:$AJ$35)} -> 18 | H17: {=SUMPRODUCT((INPUT!$A$5:$A$35=Resume!H$15)*(_xlfn.SCAN("",INPUT!$B$3:$AJ$3,_xlfn.LAMBDA(_xlpm.a,_xlpm.b,IF(_xlpm.b="",_xlpm.a,_xlpm.b)))=Resume!$B17)*INPUT!$B$5:$AJ$35)} -> 21 | I17: {=SUMPRODUCT((INPUT!$A$5:$A$35=Resume!I$15)*(_xlfn.SCAN("",INPUT!$B$3:$AJ$3,_xlfn.LAMBDA(_xlpm.a,_xlpm.b,IF(_xlpm.b="",_xlpm.a,_xlpm.b)))=Resume!$B17)*INPUT!$B$5:$AJ$35)} -> 14 | J17: {=SUMPRODUCT((INPUT!$A$5:$A$35=Resume!J$15)*(_xlfn.SCAN("",INPUT!$B$3:$AJ$3,_xlfn.LAMBDA(_xlpm.a,_xlpm.b,IF(_xlpm.b="",_xlpm.a,_xlpm.b)))=Resume!$B17)*INPUT!$B$5:$AJ$35)} -> 25 | ... AG17: {=SUMPRODUCT((INPUT!$A$5:$A$35=Resume!AG$15)*(_xlfn.SCAN("",INPUT!$B$3:$AJ$3,_xlfn.LAMBDA(_xlpm.a,_xlpm.b,IF(_xlpm.b="",_xlpm.a,_xlpm.b)))=Resume!$B17)*INPUT!$B$5:$AJ$35)} -> 0
B18: Zona 3 | C18: {=SUMPRODUCT((INPUT!$A$5:$A$35=Resume!C$15)*(_xlfn.SCAN("",INPUT!$B$3:$AJ$3,_xlfn.LAMBDA(_xlpm.a,_xlpm.b,IF(_xlpm.b="",_xlpm.a,_xlpm.b)))=Resume!$B18)*INPUT!$B$5:$AJ$35)} -> 16 | D18: {=SUMPRODUCT((INPUT!$A$5:$A$35=Resume!D$15)*(_xlfn.SCAN("",INPUT!$B$3:$AJ$3,_xlfn.LAMBDA(_xlpm.a,_xlpm.b,IF(_xlpm.b="",_xlpm.a,_xlpm.b)))=Resume!$B18)*INPUT!$B$5:$AJ$35)} -> 15 | E18: {=SUMPRODUCT((INPUT!$A$5:$A$35=Resume!E$15)*(_xlfn.SCAN("",INPUT!$B$3:$AJ$3,_xlfn.LAMBDA(_xlpm.a,_xlpm.b,IF(_xlpm.b="",_xlpm.a,_xlpm.b)))=Resume!$B18)*INPUT!$B$5:$AJ$35)} -> 15 | F18: {=SUMPRODUCT((INPUT!$A$5:$A$35=Resume!F$15)*(_xlfn.SCAN("",INPUT!$B$3:$AJ$3,_xlfn.LAMBDA(_xlpm.a,_xlpm.b,IF(_xlpm.b="",_xlpm.a,_xlpm.b)))=Resume!$B18)*INPUT!$B$5:$AJ$35)} -> 15 | G18: {=SUMPRODUCT((INPUT!$A$5:$A$35=Resume!G$15)*(_xlfn.SCAN("",INPUT!$B$3:$AJ$3,_xlfn.LAMBDA(_xlpm.a,_xlpm.b,IF(_xlpm.b="",_xlpm.a,_xlpm.b)))=Resume!$B18)*INPUT!$B$5:$AJ$35)} -> 16 | H18: {=SUMPRODUCT((INPUT!$A$5:$A$35=Resume!H$15)*(_xlfn.SCAN("",INPUT!$B$3:$AJ$3,_xlfn.LAMBDA(_xlpm.a,_xlpm.b,IF(_xlpm.b="",_xlpm.a,_xlpm.b)))=Resume!$B18)*INPUT!$B$5:$AJ$35)} -> 21 | I18: {=SUMPRODUCT((INPUT!$A$5:$A$35=Resume!I$15)*(_xlfn.SCAN("",INPUT!$B$3:$AJ$3,_xlfn.LAMBDA(_xlpm.a,_xlpm.b,IF(_xlpm.b="",_xlpm.a,_xlpm.b)))=Resume!$B18)*INPUT!$B$5:$AJ$35)} -> 15 | J18: {=SUMPRODUCT((INPUT!$A$5:$A$35=Resume!J$15)*(_xlfn.SCAN("",INPUT!$B$3:$AJ$3,_xlfn.LAMBDA(_xlpm.a,_xlpm.b,IF(_xlpm.b="",_xlpm.a,_xlpm.b)))=Resume!$B18)*INPUT!$B$5:$AJ$35)} -> 17 | ... AG18: {=SUMPRODUCT((INPUT!$A$5:$A$35=Resume!AG$15)*(_xlfn.SCAN("",INPUT!$B$3:$AJ$3,_xlfn.LAMBDA(_xlpm.a,_xlpm.b,IF(_xlpm.b="",_xlpm.a,_xlpm.b)))=Resume!$B18)*INPUT!$B$5:$AJ$35)} -> 0
B19: Zona 4 | C19: {=SUMPRODUCT((INPUT!$A$5:$A$35=Resume!C$15)*(_xlfn.SCAN("",INPUT!$B$3:$AJ$3,_xlfn.LAMBDA(_xlpm.a,_xlpm.b,IF(_xlpm.b="",_xlpm.a,_xlpm.b)))=Resume!$B19)*INPUT!$B$5:$AJ$35)} -> 24 | D19: {=SUMPRODUCT((INPUT!$A$5:$A$35=Resume!D$15)*(_xlfn.SCAN("",INPUT!$B$3:$AJ$3,_xlfn.LAMBDA(_xlpm.a,_xlpm.b,IF(_xlpm.b="",_xlpm.a,_xlpm.b)))=Resume!$B19)*INPUT!$B$5:$AJ$35)} -> 25 | E19: {=SUMPRODUCT((INPUT!$A$5:$A$35=Resume!E$15)*(_xlfn.SCAN("",INPUT!$B$3:$AJ$3,_xlfn.LAMBDA(_xlpm.a,_xlpm.b,IF(_xlpm.b="",_xlpm.a,_xlpm.b)))=Resume!$B19)*INPUT!$B$5:$AJ$35)} -> 25 | F19: {=SUMPRODUCT((INPUT!$A$5:$A$35=Resume!F$15)*(_xlfn.SCAN("",INPUT!$B$3:$AJ$3,_xlfn.LAMBDA(_xlpm.a,_xlpm.b,IF(_xlpm.b="",_xlpm.a,_xlpm.b)))=Resume!$B19)*INPUT!$B$5:$AJ$35)} -> 25 | G19: {=SUMPRODUCT((INPUT!$A$5:$A$35=Resume!G$15)*(_xlfn.SCAN("",INPUT!$B$3:$AJ$3,_xlfn.LAMBDA(_xlpm.a,_xlpm.b,IF(_xlpm.b="",_xlpm.a,_xlpm.b)))=Resume!$B19)*INPUT!$B$5:$AJ$35)} -> 20 | H19: {=SUMPRODUCT((INPUT!$A$5:$A$35=Resume!H$15)*(_xlfn.SCAN("",INPUT!$B$3:$AJ$3,_xlfn.LAMBDA(_xlpm.a,_xlpm.b,IF(_xlpm.b="",_xlpm.a,_xlpm.b)))=Resume!$B19)*INPUT!$B$5:$AJ$35)} -> 13 | I19: {=SUMPRODUCT((INPUT!$A$5:$A$35=Resume!I$15)*(_xlfn.SCAN("",INPUT!$B$3:$AJ$3,_xlfn.LAMBDA(_xlpm.a,_xlpm.b,IF(_xlpm.b="",_xlpm.a,_xlpm.b)))=Resume!$B19)*INPUT!$B$5:$AJ$35)} -> 25 | J19: {=SUMPRODUCT((INPUT!$A$5:$A$35=Resume!J$15)*(_xlfn.SCAN("",INPUT!$B$3:$AJ$3,_xlfn.LAMBDA(_xlpm.a,_xlpm.b,IF(_xlpm.b="",_xlpm.a,_xlpm.b)))=Resume!$B19)*INPUT!$B$5:$AJ$35)} -> 10 | ... AG19: {=SUMPRODUCT((INPUT!$A$5:$A$35=Resume!AG$15)*(_xlfn.SCAN("",INPUT!$B$3:$AJ$3,_xlfn.LAMBDA(_xlpm.a,_xlpm.b,IF(_xlpm.b="",_xlpm.a,_xlpm.b)))=Resume!$B19)*INPUT!$B$5:$AJ$35)} -> 0
B20: Zona 5 | C20: {=SUMPRODUCT((INPUT!$A$5:$A$35=Resume!C$15)*(_xlfn.SCAN("",INPUT!$B$3:$AJ$3,_xlfn.LAMBDA(_xlpm.a,_xlpm.b,IF(_xlpm.b="",_xlpm.a,_xlpm.b)))=Resume!$B20)*INPUT!$B$5:$AJ$35)} -> 16 | D20: {=SUMPRODUCT((INPUT!$A$5:$A$35=Resume!D$15)*(_xlfn.SCAN("",INPUT!$B$3:$AJ$3,_xlfn.LAMBDA(_xlpm.a,_xlpm.b,IF(_xlpm.b="",_xlpm.a,_xlpm.b)))=Resume!$B20)*INPUT!$B$5:$AJ$35)} -> 20 | E20: {=SUMPRODUCT((INPUT!$A$5:$A$35=Resume!E$15)*(_xlfn.SCAN("",INPUT!$B$3:$AJ$3,_xlfn.LAMBDA(_xlpm.a,_xlpm.b,IF(_xlpm.b="",_xlpm.a,_xlpm.b)))=Resume!$B20)*INPUT!$B$5:$AJ$35)} -> 12 | F20: {=SUMPRODUCT((INPUT!$A$5:$A$35=Resume!F$15)*(_xlfn.SCAN("",INPUT!$B$3:$AJ$3,_xlfn.LAMBDA(_xlpm.a,_xlpm.b,IF(_xlpm.b="",_xlpm.a,_xlpm.b)))=Resume!$B20)*INPUT!$B$5:$AJ$35)} -> 20 | G20: {=SUMPRODUCT((INPUT!$A$5:$A$35=Resume!G$15)*(_xlfn.SCAN("",INPUT!$B$3:$AJ$3,_xlfn.LAMBDA(_xlpm.a,_xlpm.b,IF(_xlpm.b="",_xlpm.a,_xlpm.b)))=Resume!$B20)*INPUT!$B$5:$AJ$35)} -> 13 | H20: {=SUMPRODUCT((INPUT!$A$5:$A$35=Resume!H$15)*(_xlfn.SCAN("",INPUT!$B$3:$AJ$3,_xlfn.LAMBDA(_xlpm.a,_xlpm.b,IF(_xlpm.b="",_xlpm.a,_xlpm.b)))=Resume!$B20)*INPUT!$B$5:$AJ$35)} -> 7 | I20: {=SUMPRODUCT((INPUT!$A$5:$A$35=Resume!I$15)*(_xlfn.SCAN("",INPUT!$B$3:$AJ$3,_xlfn.LAMBDA(_xlpm.a,_xlpm.b,IF(_xlpm.b="",_xlpm.a,_xlpm.b)))=Resume!$B20)*INPUT!$B$5:$AJ$35)} -> 12 | J20: {=SUMPRODUCT((INPUT!$A$5:$A$35=Resume!J$15)*(_xlfn.SCAN("",INPUT!$B$3:$AJ$3,_xlfn.LAMBDA(_xlpm.a,_xlpm.b,IF(_xlpm.b="",_xlpm.a,_xlpm.b)))=Resume!$B20)*INPUT!$B$5:$AJ$35)} -> 14 | ... AG20: {=SUMPRODUCT((INPUT!$A$5:$A$35=Resume!AG$15)*(_xlfn.SCAN("",INPUT!$B$3:$AJ$3,_xlfn.LAMBDA(_xlpm.a,_xlpm.b,IF(_xlpm.b="",_xlpm.a,_xlpm.b)))=Resume!$B20)*INPUT!$B$5:$AJ$35)} -> 0
B21: Zona 6 | C21: {=SUMPRODUCT((INPUT!$A$5:$A$35=Resume!C$15)*(_xlfn.SCAN("",INPUT!$B$3:$AJ$3,_xlfn.LAMBDA(_xlpm.a,_xlpm.b,IF(_xlpm.b="",_xlpm.a,_xlpm.b)))=Resume!$B21)*INPUT!$B$5:$AJ$35)} -> 17 | D21: {=SUMPRODUCT((INPUT!$A$5:$A$35=Resume!D$15)*(_xlfn.SCAN("",INPUT!$B$3:$AJ$3,_xlfn.LAMBDA(_xlpm.a,_xlpm.b,IF(_xlpm.b="",_xlpm.a,_xlpm.b)))=Resume!$B21)*INPUT!$B$5:$AJ$35)} -> 23 | E21: {=SUMPRODUCT((INPUT!$A$5:$A$35=Resume!E$15)*(_xlfn.SCAN("",INPUT!$B$3:$AJ$3,_xlfn.LAMBDA(_xlpm.a,_xlpm.b,IF(_xlpm.b="",_xlpm.a,_xlpm.b)))=Resume!$B21)*INPUT!$B$5:$AJ$35)} -> 19 | F21: {=SUMPRODUCT((INPUT!$A$5:$A$35=Resume!F$15)*(_xlfn.SCAN("",INPUT!$B$3:$AJ$3,_xlfn.LAMBDA(_xlpm.a,_xlpm.b,IF(_xlpm.b="",_xlpm.a,_xlpm.b)))=Resume!$B21)*INPUT!$B$5:$AJ$35)} -> 23 | G21: {=SUMPRODUCT((INPUT!$A$5:$A$35=Resume!G$15)*(_xlfn.SCAN("",INPUT!$B$3:$AJ$3,_xlfn.LAMBDA(_xlpm.a,_xlpm.b,IF(_xlpm.b="",_xlpm.a,_xlpm.b)))=Resume!$B21)*INPUT!$B$5:$AJ$35)} -> 13 | H21: {=SUMPRODUCT((INPUT!$A$5:$A$35=Resume!H$15)*(_xlfn.SCAN("",INPUT!$B$3:$AJ$3,_xlfn.LAMBDA(_xlpm.a,_xlpm.b,IF(_xlpm.b="",_xlpm.a,_xlpm.b)))=Resume!$B21)*INPUT!$B$5:$AJ$35)} -> 20 | I21: {=SUMPRODUCT((INPUT!$A$5:$A$35=Resume!I$15)*(_xlfn.SCAN("",INPUT!$B$3:$AJ$3,_xlfn.LAMBDA(_xlpm.a,_xlpm.b,IF(_xlpm.b="",_xlpm.a,_xlpm.b)))=Resume!$B21)*INPUT!$B$5:$AJ$35)} -> 19 | J21: {=SUMPRODUCT((INPUT!$A$5:$A$35=Resume!J$15)*(_xlfn.SCAN("",INPUT!$B$3:$AJ$3,_xlfn.LAMBDA(_xlpm.a,_xlpm.b,IF(_xlpm.b="",_xlpm.a,_xlpm.b)))=Resume!$B21)*INPUT!$B$5:$AJ$35)} -> 13 | ... AG21: {=SUMPRODUCT((INPUT!$A$5:$A$35=Resume!AG$15)*(_xlfn.SCAN("",INPUT!$B$3:$AJ$3,_xlfn.LAMBDA(_xlpm.a,_xlpm.b,IF(_xlpm.b="",_xlpm.a,_xlpm.b)))=Resume!$B21)*INPUT!$B$5:$AJ$35)} -> 0
B22: Front | C22: {=SUMPRODUCT((INPUT!$A$5:$A$35=Resume!C$15)*(_xlfn.SCAN("",INPUT!$B$3:$AJ$3,_xlfn.LAMBDA(_xlpm.a,_xlpm.b,IF(_xlpm.b="",_xlpm.a,_xlpm.b)))=Resume!$B22)*INPUT!$B$5:$AJ$35)} -> 23 | D22: {=SUMPRODUCT((INPUT!$A$5:$A$35=Resume!D$15)*(_xlfn.SCAN("",INPUT!$B$3:$AJ$3,_xlfn.LAMBDA(_xlpm.a,_xlpm.b,IF(_xlpm.b="",_xlpm.a,_xlpm.b)))=Resume!$B22)*INPUT!$B$5:$AJ$35)} -> 12 | E22: {=SUMPRODUCT((INPUT!$A$5:$A$35=Resume!E$15)*(_xlfn.SCAN("",INPUT!$B$3:$AJ$3,_xlfn.LAMBDA(_xlpm.a,_xlpm.b,IF(_xlpm.b="",_xlpm.a,_xlpm.b)))=Resume!$B22)*INPUT!$B$5:$AJ$35)} -> 20 | F22: {=SUMPRODUCT((INPUT!$A$5:$A$35=Resume!F$15)*(_xlfn.SCAN("",INPUT!$B$3:$AJ$3,_xlfn.LAMBDA(_xlpm.a,_xlpm.b,IF(_xlpm.b="",_xlpm.a,_xlpm.b)))=Resume!$B22)*INPUT!$B$5:$AJ$35)} -> 12 | G22: {=SUMPRODUCT((INPUT!$A$5:$A$35=Resume!G$15)*(_xlfn.SCAN("",INPUT!$B$3:$AJ$3,_xlfn.LAMBDA(_xlpm.a,_xlpm.b,IF(_xlpm.b="",_xlpm.a,_xlpm.b)))=Resume!$B22)*INPUT!$B$5:$AJ$35)} -> 14 | H22: {=SUMPRODUCT((INPUT!$A$5:$A$35=Resume!H$15)*(_xlfn.SCAN("",INPUT!$B$3:$AJ$3,_xlfn.LAMBDA(_xlpm.a,_xlpm.b,IF(_xlpm.b="",_xlpm.a,_xlpm.b)))=Resume!$B22)*INPUT!$B$5:$AJ$35)} -> 20 | I22: {=SUMPRODUCT((INPUT!$A$5:$A$35=Resume!I$15)*(_xlfn.SCAN("",INPUT!$B$3:$AJ$3,_xlfn.LAMBDA(_xlpm.a,_xlpm.b,IF(_xlpm.b="",_xlpm.a,_xlpm.b)))=Resume!$B22)*INPUT!$B$5:$AJ$35)} -> 20 | J22: {=SUMPRODUCT((INPUT!$A$5:$A$35=Resume!J$15)*(_xlfn.SCAN("",INPUT!$B$3:$AJ$3,_xlfn.LAMBDA(_xlpm.a,_xlpm.b,IF(_xlpm.b="",_xlpm.a,_xlpm.b)))=Resume!$B22)*INPUT!$B$5:$AJ$35)} -> 23 | ... AG22: {=SUMPRODUCT((INPUT!$A$5:$A$35=Resume!AG$15)*(_xlfn.SCAN("",INPUT!$B$3:$AJ$3,_xlfn.LAMBDA(_xlpm.a,_xlpm.b,IF(_xlpm.b="",_xlpm.a,_xlpm.b)))=Resume!$B22)*INPUT!$B$5:$AJ$35)} -> 0
B23: Total | C23: =SUM(C16:C22) -> 144 | D23: =SUM(D16:D22) -> 134 | E23: =SUM(E16:E22) -> 123 | F23: =SUM(F16:F22) -> 134 | G23: =SUM(G16:G22) -> 98 | H23: =SUM(H16:H22) -> 117 | I23: =SUM(I16:I22) -> 123 | J23: =SUM(J16:J22) -> 121 | ... AG23: =SUM(AG16:AG22) -> 0
B25: Resume per Item Per Tanggal
B26: ="Update "&TEXT(TODAY(),"DD-MMM-YYYY") -> Update 10-Sep-2026
B27: QTY | C27: 46266 | D27: 46267 | E27: 46268 | F27: 46269 | G27: 46270 | H27: 46271 | I27: 46272 | J27: 46273 | K27: 46274 | L27: 46275 | M27: 46276 | N27: 46277 | O27: 46278 | P27: 46279 | Q27: 46280 | R27: 46281 | S27: 46282 | T27: 46283 | U27: 46284 | V27: 46285 | W27: 46286 | X27: 46287 | Y27: 46288 | Z27: 46289 | AA27: 46290 | AB27: 46291 | AC27: 46292 | AD27: 46293 | AE27: 46294 | AF27: 46295 | AG27: 46296
B28: 50 | C28: {=SUMPRODUCT((INPUT!$A$5:$A$35=Resume!C$27)*(INPUT!$B$4:$AJ$4=Resume!$B28)*(INPUT!$B$5:$AJ$35))} -> 36 | D28: {=SUMPRODUCT((INPUT!$A$5:$A$35=Resume!D$27)*(INPUT!$B$4:$AJ$4=Resume!$B28)*(INPUT!$B$5:$AJ$35))} -> 21 | E28: {=SUMPRODUCT((INPUT!$A$5:$A$35=Resume!E$27)*(INPUT!$B$4:$AJ$4=Resume!$B28)*(INPUT!$B$5:$AJ$35))} -> 26 | F28: {=SUMPRODUCT((INPUT!$A$5:$A$35=Resume!F$27)*(INPUT!$B$4:$AJ$4=Resume!$B28)*(INPUT!$B$5:$AJ$35))} -> 21 | G28: {=SUMPRODUCT((INPUT!$A$5:$A$35=Resume!G$27)*(INPUT!$B$4:$AJ$4=Resume!$B28)*(INPUT!$B$5:$AJ$35))} -> 21 | H28: {=SUMPRODUCT((INPUT!$A$5:$A$35=Resume!H$27)*(INPUT!$B$4:$AJ$4=Resume!$B28)*(INPUT!$B$5:$AJ$35))} -> 17 | I28: {=SUMPRODUCT((INPUT!$A$5:$A$35=Resume!I$27)*(INPUT!$B$4:$AJ$4=Resume!$B28)*(INPUT!$B$5:$AJ$35))} -> 26 | J28: {=SUMPRODUCT((INPUT!$A$5:$A$35=Resume!J$27)*(INPUT!$B$4:$AJ$4=Resume!$B28)*(INPUT!$B$5:$AJ$35))} -> 20 | ... AG28: {=SUMPRODUCT((INPUT!$A$5:$A$35=Resume!AG$27)*(INPUT!$B$4:$AJ$4=Resume!$B28)*(INPUT!$B$5:$AJ$35))} -> 0
B29: 70 | C29: {=SUMPRODUCT((INPUT!$A$5:$A$35=Resume!C$27)*(INPUT!$B$4:$AJ$4=Resume!$B29)*(INPUT!$B$5:$AJ$35))} -> 35 | D29: {=SUMPRODUCT((INPUT!$A$5:$A$35=Resume!D$27)*(INPUT!$B$4:$AJ$4=Resume!$B29)*(INPUT!$B$5:$AJ$35))} -> 30 | E29: {=SUMPRODUCT((INPUT!$A$5:$A$35=Resume!E$27)*(INPUT!$B$4:$AJ$4=Resume!$B29)*(INPUT!$B$5:$AJ$35))} -> 20 | F29: {=SUMPRODUCT((INPUT!$A$5:$A$35=Resume!F$27)*(INPUT!$B$4:$AJ$4=Resume!$B29)*(INPUT!$B$5:$AJ$35))} -> 30 | G29: {=SUMPRODUCT((INPUT!$A$5:$A$35=Resume!G$27)*(INPUT!$B$4:$AJ$4=Resume!$B29)*(INPUT!$B$5:$AJ$35))} -> 23 | H29: {=SUMPRODUCT((INPUT!$A$5:$A$35=Resume!H$27)*(INPUT!$B$4:$AJ$4=Resume!$B29)*(INPUT!$B$5:$AJ$35))} -> 21 | I29: {=SUMPRODUCT((INPUT!$A$5:$A$35=Resume!I$27)*(INPUT!$B$4:$AJ$4=Resume!$B29)*(INPUT!$B$5:$AJ$35))} -> 21 | J29: {=SUMPRODUCT((INPUT!$A$5:$A$35=Resume!J$27)*(INPUT!$B$4:$AJ$4=Resume!$B29)*(INPUT!$B$5:$AJ$35))} -> 32 | ... AG29: {=SUMPRODUCT((INPUT!$A$5:$A$35=Resume!AG$27)*(INPUT!$B$4:$AJ$4=Resume!$B29)*(INPUT!$B$5:$AJ$35))} -> 0
B30: 100 | C30: {=SUMPRODUCT((INPUT!$A$5:$A$35=Resume!C$27)*(INPUT!$B$4:$AJ$4=Resume!$B30)*(INPUT!$B$5:$AJ$35))} -> 28 | D30: {=SUMPRODUCT((INPUT!$A$5:$A$35=Resume!D$27)*(INPUT!$B$4:$AJ$4=Resume!$B30)*(INPUT!$B$5:$AJ$35))} -> 33 | E30: {=SUMPRODUCT((INPUT!$A$5:$A$35=Resume!E$27)*(INPUT!$B$4:$AJ$4=Resume!$B30)*(INPUT!$B$5:$AJ$35))} -> 17 | F30: {=SUMPRODUCT((INPUT!$A$5:$A$35=Resume!F$27)*(INPUT!$B$4:$AJ$4=Resume!$B30)*(INPUT!$B$5:$AJ$35))} -> 33 | G30: {=SUMPRODUCT((INPUT!$A$5:$A$35=Resume!G$27)*(INPUT!$B$4:$AJ$4=Resume!$B30)*(INPUT!$B$5:$AJ$35))} -> 19 | H30: {=SUMPRODUCT((INPUT!$A$5:$A$35=Resume!H$27)*(INPUT!$B$4:$AJ$4=Resume!$B30)*(INPUT!$B$5:$AJ$35))} -> 30 | I30: {=SUMPRODUCT((INPUT!$A$5:$A$35=Resume!I$27)*(INPUT!$B$4:$AJ$4=Resume!$B30)*(INPUT!$B$5:$AJ$35))} -> 17 | J30: {=SUMPRODUCT((INPUT!$A$5:$A$35=Resume!J$27)*(INPUT!$B$4:$AJ$4=Resume!$B30)*(INPUT!$B$5:$AJ$35))} -> 18 | ... AG30: {=SUMPRODUCT((INPUT!$A$5:$A$35=Resume!AG$27)*(INPUT!$B$4:$AJ$4=Resume!$B30)*(INPUT!$B$5:$AJ$35))} -> 0
B31: 125 | C31: {=SUMPRODUCT((INPUT!$A$5:$A$35=Resume!C$27)*(INPUT!$B$4:$AJ$4=Resume!$B31)*(INPUT!$B$5:$AJ$35))} -> 26 | D31: {=SUMPRODUCT((INPUT!$A$5:$A$35=Resume!D$27)*(INPUT!$B$4:$AJ$4=Resume!$B31)*(INPUT!$B$5:$AJ$35))} -> 31 | E31: {=SUMPRODUCT((INPUT!$A$5:$A$35=Resume!E$27)*(INPUT!$B$4:$AJ$4=Resume!$B31)*(INPUT!$B$5:$AJ$35))} -> 30 | F31: {=SUMPRODUCT((INPUT!$A$5:$A$35=Resume!F$27)*(INPUT!$B$4:$AJ$4=Resume!$B31)*(INPUT!$B$5:$AJ$35))} -> 31 | G31: {=SUMPRODUCT((INPUT!$A$5:$A$35=Resume!G$27)*(INPUT!$B$4:$AJ$4=Resume!$B31)*(INPUT!$B$5:$AJ$35))} -> 17 | H31: {=SUMPRODUCT((INPUT!$A$5:$A$35=Resume!H$27)*(INPUT!$B$4:$AJ$4=Resume!$B31)*(INPUT!$B$5:$AJ$35))} -> 26 | I31: {=SUMPRODUCT((INPUT!$A$5:$A$35=Resume!I$27)*(INPUT!$B$4:$AJ$4=Resume!$B31)*(INPUT!$B$5:$AJ$35))} -> 30 | J31: {=SUMPRODUCT((INPUT!$A$5:$A$35=Resume!J$27)*(INPUT!$B$4:$AJ$4=Resume!$B31)*(INPUT!$B$5:$AJ$35))} -> 28 | ... AG31: {=SUMPRODUCT((INPUT!$A$5:$A$35=Resume!AG$27)*(INPUT!$B$4:$AJ$4=Resume!$B31)*(INPUT!$B$5:$AJ$35))} -> 0
B32: 165 | C32: {=SUMPRODUCT((INPUT!$A$5:$A$35=Resume!C$27)*(INPUT!$B$4:$AJ$4=Resume!$B32)*(INPUT!$B$5:$AJ$35))} -> 19 | D32: {=SUMPRODUCT((INPUT!$A$5:$A$35=Resume!D$27)*(INPUT!$B$4:$AJ$4=Resume!$B32)*(INPUT!$B$5:$AJ$35))} -> 19 | E32: {=SUMPRODUCT((INPUT!$A$5:$A$35=Resume!E$27)*(INPUT!$B$4:$AJ$4=Resume!$B32)*(INPUT!$B$5:$AJ$35))} -> 30 | F32: {=SUMPRODUCT((INPUT!$A$5:$A$35=Resume!F$27)*(INPUT!$B$4:$AJ$4=Resume!$B32)*(INPUT!$B$5:$AJ$35))} -> 19 | G32: {=SUMPRODUCT((INPUT!$A$5:$A$35=Resume!G$27)*(INPUT!$B$4:$AJ$4=Resume!$B32)*(INPUT!$B$5:$AJ$35))} -> 18 | H32: {=SUMPRODUCT((INPUT!$A$5:$A$35=Resume!H$27)*(INPUT!$B$4:$AJ$4=Resume!$B32)*(INPUT!$B$5:$AJ$35))} -> 23 | I32: {=SUMPRODUCT((INPUT!$A$5:$A$35=Resume!I$27)*(INPUT!$B$4:$AJ$4=Resume!$B32)*(INPUT!$B$5:$AJ$35))} -> 29 | J32: {=SUMPRODUCT((INPUT!$A$5:$A$35=Resume!J$27)*(INPUT!$B$4:$AJ$4=Resume!$B32)*(INPUT!$B$5:$AJ$35))} -> 23 | ... AG32: {=SUMPRODUCT((INPUT!$A$5:$A$35=Resume!AG$27)*(INPUT!$B$4:$AJ$4=Resume!$B32)*(INPUT!$B$5:$AJ$35))} -> 0
B33: TOTAL | C33: =SUM(C28:C32) -> 144 | D33: =SUM(D28:D32) -> 134 | E33: =SUM(E28:E32) -> 123 | F33: =SUM(F28:F32) -> 134 | G33: =SUM(G28:G32) -> 98 | H33: =SUM(H28:H32) -> 117 | I33: =SUM(I28:I32) -> 123 | J33: =SUM(J28:J32) -> 121 | ... AG33: =SUM(AG28:AG32) -> 0
